<?xml version="1.0" encoding="UTF-8" standalone="yes"?>
<addon id="plugin.video.addonspack" name="Addonspack Team" version="1.1.3" provider-name="Addonspack">
	<requires>
		<import addon="xbmc.python" version="2.1.0"/>
	</requires>
	<extension point="xbmc.python.pluginsource" library="addon.py">
		<provides>executable</provides>
	</extension>
	<extension point="xbmc.addon.metadata">
		<summary>Addons pack</summary>
		<description>Install latest addons</description>
		<disclaimer></disclaimer>
		<platform>all</platform>
	</extension>
</addon>
