<?xml version="1.0" encoding="UTF-8" standalone="yes"?>
<addon id="plugin.program.addonspack" name="Addonspack Team" version="1.1.3" provider-name="Addonspack">
  <requires>
    <import addon="xbmc.python" version="2.1.0"/>
  </requires>
  <extension point="xbmc.python.pluginsource" library="default.py">
        <provides>executable</provides>
  </extension>
  <extension point="xbmc.addon.metadata">
    <summary lang="en">Addonspack</summary>
    <description lang="en">Install latest addons pack</description>
    <platform>all</platform>
  </extension>
</addon>
